domain,last_update_date,categories,total_votes
myhealthlib.com,1696291200,{},"{""harmless"": 0, ""malicious"": 0}"
xinyuhua.net,1621153077,{},"{""harmless"": 0, ""malicious"": 0}"
doehetzelfcloud.com,1704653896,"{""Forcepoint ThreatSeeker"": ""newly registered websites"", ""Comodo Valkyrie Verdict"": ""media sharing""}","{""harmless"": 0, ""malicious"": 0}"
computervrijheid.com,1704653883,"{""Forcepoint ThreatSeeker"": ""newly registered websites"", ""Comodo Valkyrie Verdict"": ""media sharing""}","{""harmless"": 0, ""malicious"": 0}"
speeldomein.com,1704653964,"{""Forcepoint ThreatSeeker"": ""newly registered websites"", ""Comodo Valkyrie Verdict"": ""media sharing""}","{""harmless"": 0, ""malicious"": 0}"
aispacesolutions.com,1703376000,{},"{""harmless"": 0, ""malicious"": 0}"
libregaming.com,1704653934,"{""Forcepoint ThreatSeeker"": ""newly registered websites"", ""Comodo Valkyrie Verdict"": ""online storage""}","{""harmless"": 0, ""malicious"": 0}"
reflect123.top,1686700800,{},"{""harmless"": 0, ""malicious"": 0}"
selfmadecloud.com,1704653952,"{""Forcepoint ThreatSeeker"": ""newly registered websites"", ""Comodo Valkyrie Verdict"": ""media sharing""}","{""harmless"": 0, ""malicious"": 0}"
mikeconleygeckos.net,1698624000,{},"{""harmless"": 0, ""malicious"": 0}"
dangxindian.shop,1697587200,{},"{""harmless"": 0, ""malicious"": 0}"
mordreal.com,1704653946,"{""Forcepoint ThreatSeeker"": ""newly registered websites"", ""Comodo Valkyrie Verdict"": ""media sharing""}","{""harmless"": 0, ""malicious"": 0}"
meitishidai.net,1688169600,{},"{""harmless"": 0, ""malicious"": 0}"
flareapp.net,1695772800,{},"{""harmless"": 0, ""malicious"": 0}"
hottieelectrics.com,1685145600,"{""Forcepoint ThreatSeeker"": ""business and economy""}","{""harmless"": 0, ""malicious"": 0}"
softwaresparadise.com,1691366400,{},"{""harmless"": 0, ""malicious"": 0}"
lydjd.net,1675296000,{},"{""harmless"": 0, ""malicious"": 0}"
4motion-trainings.ru,,"{""Xcitium Verdict Cloud"": ""unknown""}","{""harmless"": 0, ""malicious"": 0}"
boukev.com,1643567287,"{""Forcepoint ThreatSeeker"": ""newly registered websites"", ""Comodo Valkyrie Verdict"": ""media sharing""}","{""harmless"": 0, ""malicious"": 0}"
artiste.cfd,1682380800,"{""Forcepoint ThreatSeeker"": ""information technology"", ""Xcitium Verdict Cloud"": ""unknown""}","{""harmless"": 0, ""malicious"": 0}"
toposhibok.ru,,{},"{""harmless"": 0, ""malicious"": 0}"
medical-world.info,1707868800,{},"{""harmless"": 0, ""malicious"": 0}"
fxed.ru,,"{""BitDefender"": ""parked""}","{""harmless"": 0, ""malicious"": 0}"
hardwarefreedom.com,1675153402,"{""Forcepoint ThreatSeeker"": ""newly registered websites""}","{""harmless"": 0, ""malicious"": 0}"
vampirecommunity.org,1704499200,{},"{""harmless"": 0, ""malicious"": 0}"
learntohow.com,1704240000,"{""Forcepoint ThreatSeeker"": ""blogs and personal sites"", ""Comodo Valkyrie Verdict"": ""media sharing""}","{""harmless"": 0, ""malicious"": 0}"
rossetikabinet.ru,,"{""Comodo Valkyrie Verdict"": ""media sharing""}","{""harmless"": 0, ""malicious"": 0}"
howtoitech.com,1659744000,{},"{""harmless"": 0, ""malicious"": 0}"
oshibkaw.ru,,"{""Forcepoint ThreatSeeker"": ""business and economy"", ""Xcitium Verdict Cloud"": ""unknown""}","{""harmless"": 0, ""malicious"": 0}"
llc-connexion.pagesdeconnexion.com,1683158400,{},"{""harmless"": 0, ""malicious"": 0}"
ninja-connexion.pagesdeconnexion.com,1683158400,{},"{""harmless"": 0, ""malicious"": 0}"
monikque.com,1699574400,{},"{""harmless"": 0, ""malicious"": 0}"
oshibaetsya.ru,,"{""Xcitium Verdict Cloud"": ""unknown"", ""Forcepoint ThreatSeeker"": ""newly registered websites""}","{""harmless"": 0, ""malicious"": 0}"
healthcarebest.info,1668211200,{},"{""harmless"": 0, ""malicious"": 0}"
wardha.pw,1685005718,{},"{""harmless"": 0, ""malicious"": 0}"
ratnagiri.pw,1693501655,{},"{""harmless"": 0, ""malicious"": 0}"
diseaseslist.info,1670803200,{},"{""harmless"": 0, ""malicious"": 1}"
satara.pw,1693501655,"{""Xcitium Verdict Cloud"": ""media sharing"", ""Forcepoint ThreatSeeker"": ""information technology""}","{""harmless"": 0, ""malicious"": 0}"
oshibkinet.ru,,"{""BitDefender"": ""parked"", ""Xcitium Verdict Cloud"": ""unknown""}","{""harmless"": 0, ""malicious"": 0}"
solapur.pw,1685005718,{},"{""harmless"": 0, ""malicious"": 0}"
lastovo.biz,1699920000,"{""alphaMountain.ai"": ""Travel""}","{""harmless"": 0, ""malicious"": 0}"
sangli.pw,1681736650,{},"{""harmless"": 0, ""malicious"": 0}"
beed.pw,1681736643,{},"{""harmless"": 0, ""malicious"": 0}"
palghar.pw,1685005719,{},"{""harmless"": 0, ""malicious"": 0}"
mobi.pencils.co.za,1687637349,{},"{""harmless"": 0, ""malicious"": 0}"
ypmac.com.my,,{},"{""harmless"": 0, ""malicious"": 0}"
gadchiroli.pw,1693501655,"{""Xcitium Verdict Cloud"": ""unknown""}","{""harmless"": 0, ""malicious"": 0}"
lk-mmcmos.ru,,{},"{""harmless"": 0, ""malicious"": 0}"
largeanswers.org,1702252800,"{""Forcepoint ThreatSeeker"": ""newly registered websites"", ""Xcitium Verdict Cloud"": ""stock trading""}","{""harmless"": 0, ""malicious"": 0}"
yashcabs.com,1668810793,{},"{""harmless"": 0, ""malicious"": 0}"
showdirectory.in,1691773700,{},"{""harmless"": 0, ""malicious"": 0}"
chandrapur.pw,1693501655,{},"{""harmless"": 0, ""malicious"": 0}"
oshibkaf.ru,,"{""Xcitium Verdict Cloud"": ""media sharing"", ""Forcepoint ThreatSeeker"": ""newly registered websites""}","{""harmless"": 0, ""malicious"": 0}"
e-tice.com,1696422047,{},"{""harmless"": 0, ""malicious"": 0}"
digiblogtips.com,1706140800,{},"{""harmless"": 0, ""malicious"": 0}"
nandurbar.pw,1693501655,{},"{""harmless"": 0, ""malicious"": 0}"
akola.pw,1685005718,{},"{""harmless"": 0, ""malicious"": 0}"
gizblogs.com,1705708800,"{""alphaMountain.ai"": ""News (alphaMountain.ai)""}","{""harmless"": 0, ""malicious"": 0}"
howtobloggings.com,1705017600,"{""Xcitium Verdict Cloud"": ""unknown"", ""Forcepoint ThreatSeeker"": ""newly registered websites""}","{""harmless"": 0, ""malicious"": 0}"
amravati.pw,1693501655,{},"{""harmless"": 0, ""malicious"": 0}"
hingoli.pw,1693501655,{},"{""harmless"": 0, ""malicious"": 0}"
latur.pw,1685005719,"{""Xcitium Verdict Cloud"": ""media sharing"", ""Forcepoint ThreatSeeker"": ""information technology""}","{""harmless"": 0, ""malicious"": 0}"
darkwrath.org,1695168000,{},"{""harmless"": 0, ""malicious"": 0}"
gic-oman.com,1524319268,"{""Forcepoint ThreatSeeker"": ""real estate"", ""Comodo Valkyrie Verdict"": ""media sharing""}","{""harmless"": 0, ""malicious"": 0}"
buldhana.pw,1685005719,{},"{""harmless"": 0, ""malicious"": 0}"
oshibochki.ru,,"{""Xcitium Verdict Cloud"": ""media sharing""}","{""harmless"": 0, ""malicious"": 0}"
apsolution.al,,{},"{""harmless"": 0, ""malicious"": 0}"
internet-television.it,,{},"{""harmless"": 0, ""malicious"": 0}"
eduvoodoo.net,1700092800,{},"{""harmless"": 0, ""malicious"": 0}"
errors24.ru,,"{""Xcitium Verdict Cloud"": ""unknown"", ""Forcepoint ThreatSeeker"": ""business and economy""}","{""harmless"": 0, ""malicious"": 0}"
nashik.pw,1693501655,"{""Xcitium Verdict Cloud"": ""unknown""}","{""harmless"": 0, ""malicious"": 0}"
oshibkada.ru,,{},"{""harmless"": 0, ""malicious"": 0}"
hashtagquestions.org,1698855840,{},"{""harmless"": 0, ""malicious"": 0}"
open-kabinet.ru,,"{""Dr.Web"": ""not recommended site"", ""Forcepoint ThreatSeeker"": ""financial data and services"", ""Xcitium Verdict Cloud"": ""media sharing""}","{""harmless"": 0, ""malicious"": 0}"
oshibkamaster.ru,,"{""Xcitium Verdict Cloud"": ""media sharing"", ""Forcepoint ThreatSeeker"": ""business and economy""}","{""harmless"": 0, ""malicious"": 0}"
tigrena.com.ua,,{},"{""harmless"": 0, ""malicious"": 0}"
themytool.com,1662095487,"{""Forcepoint ThreatSeeker"": ""shopping"", ""Comodo Valkyrie Verdict"": ""media sharing""}","{""harmless"": 0, ""malicious"": 0}"
ottken.de,,{},"{""harmless"": 0, ""malicious"": 0}"
key112spb.ru,,"{""Xcitium Verdict Cloud"": ""finance & investment""}","{""harmless"": 0, ""malicious"": 0}"
foodbus.in,1691773704,"{""Comodo Valkyrie Verdict"": ""media sharing"", ""Forcepoint ThreatSeeker"": ""information technology""}","{""harmless"": 0, ""malicious"": 0}"
storedirectory.in,1691773695,{},"{""harmless"": 0, ""malicious"": 0}"
turnierreife.at,,{},"{""harmless"": 0, ""malicious"": 0}"
webbedxp.com,1697960924,"{""Comodo Valkyrie Verdict"": ""media sharing"", ""Forcepoint ThreatSeeker"": ""blogs and personal sites""}","{""harmless"": 0, ""malicious"": 0}"
academyofpsychology.com,1705017600,{},"{""harmless"": 0, ""malicious"": 0}"
wordexcele.ru,,{},"{""harmless"": 0, ""malicious"": 0}"
vvmail.mobi,1697134597,{},"{""harmless"": 0, ""malicious"": 0}"
pile-ca.com,1696496241,{},"{""harmless"": 0, ""malicious"": 0}"
touristpoint.in,1691773697,{},"{""harmless"": 0, ""malicious"": 0}"
snappy1.org,1663632000,"{""Forcepoint ThreatSeeker"": ""newly registered websites"", ""Comodo Valkyrie Verdict"": ""media sharing""}","{""harmless"": 0, ""malicious"": 0}"
questionsmeter.org,1700176870,{},"{""harmless"": 0, ""malicious"": 0}"
blackboardlogg.com,1666742400,"{""Forcepoint ThreatSeeker"": ""educational institutions"", ""Xcitium Verdict Cloud"": ""media sharing""}","{""harmless"": 0, ""malicious"": 0}"
geektekies.com,1705017600,"{""Forcepoint ThreatSeeker"": ""newly registered websites"", ""Xcitium Verdict Cloud"": ""unknown""}","{""harmless"": 0, ""malicious"": 0}"
thewebdirectory.net,1696526057,"{""Xcitium Verdict Cloud"": ""media sharing"", ""Forcepoint ThreatSeeker"": ""information technology""}","{""harmless"": 0, ""malicious"": 0}"
all4dell.sk,,{},"{""harmless"": 0, ""malicious"": 0}"
parbhani.pw,1693501655,{},"{""harmless"": 0, ""malicious"": 0}"
fredrikfolkesson.com,1674374551,"{""BitDefender"": ""business"", ""Xcitium Verdict Cloud"": ""visual search""}","{""harmless"": 0, ""malicious"": 0}"
bsramasters.org,1683590400,{},"{""harmless"": 0, ""malicious"": 0}"
novakasa.it,,{},"{""harmless"": 0, ""malicious"": 0}"
techfond.in,1699684908,{},"{""harmless"": 0, ""malicious"": 0}"
cricketinfo.co.in,1691718850,{},"{""harmless"": 0, ""malicious"": 0}"
webdesignerdirectory.in,1692869202,"{""Comodo Valkyrie Verdict"": ""media sharing""}","{""harmless"": 0, ""malicious"": 0}"
matib.fr,,{},"{""harmless"": 0, ""malicious"": 0}"
superwhat.org,1700176878,"{""Xcitium Verdict Cloud"": ""media sharing""}","{""harmless"": 0, ""malicious"": 0}"
notariaurbina.cl,,"{""BitDefender"": ""blogs"", ""Xcitium Verdict Cloud"": ""business"", ""Forcepoint ThreatSeeker"": ""business and economy""}","{""harmless"": 0, ""malicious"": 0}"
ladolcecollina.it,,"{""Forcepoint ThreatSeeker"": ""travel""}","{""harmless"": 0, ""malicious"": 0}"
eturkey.net,1697423847,"{""Dr.Web"": ""not recommended site""}","{""harmless"": 0, ""malicious"": 0}"
corporacionpaulharris.cl,,"{""Xcitium Verdict Cloud"": ""social networking"", ""Forcepoint ThreatSeeker"": ""service and philanthropic organizations""}","{""harmless"": 0, ""malicious"": 0}"
arto-print.com.ua,,{},"{""harmless"": 0, ""malicious"": 0}"
purehealthandvitality.com,1695168000,{},"{""harmless"": 0, ""malicious"": 0}"
indianwebsites.in,1691773694,"{""Comodo Valkyrie Verdict"": ""media sharing""}","{""harmless"": 0, ""malicious"": 0}"
easydirectory.in,1691773699,{},"{""harmless"": 0, ""malicious"": 0}"
studyquestions.org,1663891200,"{""Forcepoint ThreatSeeker"": ""newly registered websites""}","{""harmless"": 0, ""malicious"": 0}"
larivarolese.it,,{},"{""harmless"": 0, ""malicious"": 0}"
infoacetech.net,1693048181,"{""BitDefender"": ""news"", ""Xcitium Verdict Cloud"": ""media sharing"", ""Forcepoint ThreatSeeker"": ""media file download""}","{""harmless"": 0, ""malicious"": 0}"
segurospaez.com.mx,,{},"{""harmless"": 0, ""malicious"": 0}"
orodeglietruschi.eu,,"{""Forcepoint ThreatSeeker"": ""educational institutions. compromised websites"", ""Comodo Valkyrie Verdict"": ""media sharing""}","{""harmless"": 0, ""malicious"": 0}"
asdpolisportivacollebeato.com,1674115591,{},"{""harmless"": 0, ""malicious"": 0}"
eastphoenixau.com,1690784643,"{""BitDefender"": ""food""}","{""harmless"": 0, ""malicious"": 0}"
pakdigitalmidia.com,1664386836,"{""Forcepoint ThreatSeeker"": ""financial data and services"", ""sophos"": ""financial services""}","{""harmless"": 0, ""malicious"": 0}"
qasatly.net,1699371427,"{""Forcepoint ThreatSeeker"": ""information technology"", ""Xcitium Verdict Cloud"": ""unknown"", ""alphaMountain.ai"": ""Malicious (alphaMountain.ai)""}","{""harmless"": 0, ""malicious"": 0}"
touristpoints.in,1691773568,{},"{""harmless"": 0, ""malicious"": 0}"
mail.bngrz-records.com,1697180400,{},"{""harmless"": 0, ""malicious"": 0}"
thomas-filloux.fr,,"{""alphaMountain.ai"": ""Business/Economy"", ""Xcitium Verdict Cloud"": ""media sharing""}","{""harmless"": 0, ""malicious"": 0}"
summary.co.in,1686092853,{},"{""harmless"": 0, ""malicious"": 0}"
ckm-news.com,1700352000,"{""Forcepoint ThreatSeeker"": ""news and media"", ""BitDefender"": ""blogs"", ""Xcitium Verdict Cloud"": ""unknown""}","{""harmless"": 0, ""malicious"": 0}"
howiswhat.org,1700176921,{},"{""harmless"": 0, ""malicious"": 0}"
udpcenter.com,1680933907,{},"{""harmless"": 0, ""malicious"": 0}"
barzrul.com,1679114667,"{""Sophos"": ""information technology"", ""BitDefender"": ""blogs"", ""Xcitium Verdict Cloud"": ""media sharing"", ""Forcepoint ThreatSeeker"": ""information technology""}","{""harmless"": 0, ""malicious"": 0}"
backlink.co.in,1696851483,{},"{""harmless"": 0, ""malicious"": 0}"
aarogyapeethgurukul.com,1676020659,"{""Comodo Valkyrie Verdict"": ""media sharing""}","{""harmless"": 0, ""malicious"": 0}"
loveflavoredicetea.com,1649060171,{},"{""harmless"": 0, ""malicious"": 0}"
friendsofsuffolkdowns.com,1697760000,"{""BitDefender"": ""gambling"", ""Forcepoint ThreatSeeker"": ""business and economy""}","{""harmless"": 0, ""malicious"": 0}"
health-value.info,1673222400,{},"{""harmless"": 0, ""malicious"": 0}"
after-einloggen.anmeldeseiten.de,,"{""Xcitium Verdict Cloud"": ""unknown"", ""alphaMountain.ai"": ""Phishing (alphaMountain.ai)"", ""Sophos"": ""phishing and fraud"", ""Webroot"": ""Phishing and Other Frauds""}","{""harmless"": 0, ""malicious"": 0}"
aipots.com,1701043200,{},"{""harmless"": 0, ""malicious"": 0}"
health-happiness.info,1673222400,"{""BitDefender"": ""health"", ""Forcepoint ThreatSeeker"": ""business and economy""}","{""harmless"": 0, ""malicious"": 0}"
doctoraz.info,1670198400,{},"{""harmless"": 0, ""malicious"": 0}"
mylawfunding.com,,"{""Comodo Valkyrie Verdict"": ""media sharing""}","{""harmless"": 0, ""malicious"": 0}"
yavatmal.pw,1693501655,"{""Xcitium Verdict Cloud"": ""media sharing"", ""Forcepoint ThreatSeeker"": ""information technology""}","{""harmless"": 0, ""malicious"": 0}"
villmarksenter-riksgrensen.no,,{},"{""harmless"": 0, ""malicious"": 0}"
optimocoffee.com,1545290325,"{""BitDefender"": ""parked""}","{""harmless"": 0, ""malicious"": 0}"
raigad.pw,1685005718,{},"{""harmless"": 0, ""malicious"": 0}"
breezico.me,1694412132,"{""Forcepoint ThreatSeeker"": ""shopping"", ""Xcitium Verdict Cloud"": ""unknown""}","{""harmless"": 0, ""malicious"": 0}"
econnexion.net,1706347947,"{""Xcitium Verdict Cloud"": ""media sharing"", ""Forcepoint ThreatSeeker"": ""financial data and services""}","{""harmless"": 0, ""malicious"": 0}"
cardsforscience.com,1684890819,{},"{""harmless"": 0, ""malicious"": 0}"
loginssearch.com,1688548029,{},"{""harmless"": 0, ""malicious"": 0}"
sindhudurg.pw,1685005718,{},"{""harmless"": 0, ""malicious"": 0}"
nanded.pw,1685005719,{},"{""harmless"": 0, ""malicious"": 0}"
dharashiv.pw,1693501655,{},"{""harmless"": 0, ""malicious"": 0}"
xalternatives.com,1700722800,"{""Forcepoint ThreatSeeker"": ""newly registered websites"", ""Xcitium Verdict Cloud"": ""media sharing""}","{""harmless"": 1, ""malicious"": 0}"
petroleumservicesinternational.com,1662287746,{},"{""harmless"": 0, ""malicious"": 0}"
ingesta.cz,,{},"{""harmless"": 0, ""malicious"": 0}"
genuinewebdirectory.com,1682248167,"{""Comodo Valkyrie Verdict"": ""media sharing"", ""Forcepoint ThreatSeeker"": ""newly registered websites""}","{""harmless"": 0, ""malicious"": 0}"
seotekies.com,1705017600,{},"{""harmless"": 0, ""malicious"": 0}"
dhule.pw,1693501655,"{""Forcepoint ThreatSeeker"": ""information technology""}","{""harmless"": 0, ""malicious"": 0}"
bloggingtekies.com,1704326400,"{""Forcepoint ThreatSeeker"": ""newly registered websites"", ""Xcitium Verdict Cloud"": ""unknown""}","{""harmless"": 0, ""malicious"": 0}"
videoreklamka.cz,,{},"{""harmless"": 0, ""malicious"": 0}"
jalna.pw,1693501655,{},"{""harmless"": 0, ""malicious"": 0}"
slayterdev.github.io,1675933887,"{""Xcitium Verdict Cloud"": ""media sharing"", ""Forcepoint ThreatSeeker"": ""information technology"", ""Sophos"": ""information technology""}","{""harmless"": 0, ""malicious"": 0}"
health-blog.info,1707782400,{},"{""harmless"": 0, ""malicious"": 0}"
thane.pw,1693501655,{},"{""harmless"": 0, ""malicious"": 0}"
sakthiswaran.com,1675314609,{},"{""harmless"": 0, ""malicious"": 0}"
entecartesio.net,1682604800,"{""Xcitium Verdict Cloud"": ""media sharing"", ""Forcepoint ThreatSeeker"": ""educational institutions""}","{""harmless"": 0, ""malicious"": 0}"
signinvault.com,1701241200,"{""BitDefender"": ""business"", ""Forcepoint ThreatSeeker"": ""business and economy""}","{""harmless"": 0, ""malicious"": 0}"
heatonlodgeltd.co.uk,,"{""Forcepoint ThreatSeeker"": ""educational institutions""}","{""harmless"": 0, ""malicious"": 0}"
alpana.co.in,1704379189,"{""alphaMountain.ai"": ""Suspicious (alphaMountain.ai)"", ""Xcitium Verdict Cloud"": ""unknown"", ""Forcepoint ThreatSeeker"": ""real estate""}","{""harmless"": 0, ""malicious"": 0}"
asianexclusivetravel.com,1665754022,"{""Sophos"": ""phishing and fraud"", ""alphaMountain.ai"": ""Phishing"", ""Xcitium Verdict Cloud"": ""media sharing"", ""Forcepoint ThreatSeeker"": ""travel""}","{""harmless"": 0, ""malicious"": 0}"
bhandara.pw,1693501655,{},"{""harmless"": 0, ""malicious"": 0}"
госуслуги-вход.рф,,"{""Forcepoint ThreatSeeker"": ""hosted business applications""}","{""harmless"": 0, ""malicious"": 0}"
hcgdietonreview.com,1688774400,"{""Comodo Valkyrie Verdict"": ""media sharing"", ""BitDefender"": ""parked"", ""Forcepoint ThreatSeeker"": ""business and economy""}","{""harmless"": 0, ""malicious"": 0}"
mikeurueta.com,1635198960,{},"{""harmless"": 0, ""malicious"": 0}"
yhadiramusic.com,1669970408,{},"{""harmless"": 0, ""malicious"": 0}"
guidehealth.info,1703554658,"{""sophos"": ""health and medicines""}","{""harmless"": 0, ""malicious"": 1}"
zendiar.com,1692472902,"{""Xcitium Verdict Cloud"": ""media sharing"", ""Forcepoint ThreatSeeker"": ""business and economy""}","{""harmless"": 0, ""malicious"": 0}"
vialatea.com,1684831836,"{""Xcitium Verdict Cloud"": ""media sharing""}","{""harmless"": 0, ""malicious"": 0}"
newdirectory.in,1696621075,{},"{""harmless"": 0, ""malicious"": 0}"
rcia.us,1613141519,"{""alphaMountain.ai"": ""Business/Economy, Suspicious (alphaMountain.ai)""}","{""harmless"": 0, ""malicious"": 0}"
barkmanoil.com,1700295551,"{""BitDefender"": ""business"", ""Forcepoint ThreatSeeker"": ""shopping""}","{""harmless"": 0, ""malicious"": 0}"
jsdicomer.com.mx,,{},"{""harmless"": 0, ""malicious"": 0}"
answers.quantarchive.com,1678347616,"{""Xcitium Verdict Cloud"": ""unknown"", ""Forcepoint ThreatSeeker"": ""sports""}","{""harmless"": 0, ""malicious"": 0}"
dejavuweb.com,1684577695,"{""BitDefender"": ""parked"", ""Forcepoint ThreatSeeker"": ""newly registered websites""}","{""harmless"": 0, ""malicious"": 0}"
bakbak.in,1685526502,"{""BitDefender"": ""business"", ""Forcepoint ThreatSeeker"": ""sex""}","{""harmless"": 0, ""malicious"": 0}"
demora.lv,,"{""Forcepoint ThreatSeeker"": ""blogs and personal sites""}","{""harmless"": 0, ""malicious"": 0}"
daeshintravel.com,1646352000,{},"{""harmless"": 0, ""malicious"": 0}"
parlons-jardin.fr,,"{""Comodo Valkyrie Verdict"": ""media sharing""}","{""harmless"": 0, ""malicious"": 0}"
riegosur.es,,"{""BitDefender"": ""business"", ""Xcitium Verdict Cloud"": ""media sharing"", ""Forcepoint ThreatSeeker"": ""business and economy""}","{""harmless"": 0, ""malicious"": 0}"
gatotca.oyi.my.id,,"{""Forcepoint ThreatSeeker"": ""information technology""}","{""harmless"": 0, ""malicious"": 0}"
onecomp.ru,,"{""Xcitium Verdict Cloud"": ""media sharing"", ""Forcepoint ThreatSeeker"": ""business and economy""}","{""harmless"": 0, ""malicious"": 0}"
emreinsaat.com.tr,,{},"{""harmless"": 0, ""malicious"": 0}"
sharpyun.com,1662364896,"{""BitDefender"": ""business""}","{""harmless"": 0, ""malicious"": 0}"
business-sberbank-online1.ru,,"{""Comodo Valkyrie Verdict"": ""media sharing"", ""Forcepoint ThreatSeeker"": ""financial data and services"", ""Dr.Web"": ""not recommended site""}","{""harmless"": 0, ""malicious"": 0}"
olangodito.com,1682380800,{},"{""harmless"": 0, ""malicious"": 0}"
shop4water.ie,1697530231,{},"{""harmless"": 0, ""malicious"": 0}"
projektnatura.si,,"{""Forcepoint ThreatSeeker"": ""travel"", ""sophos"": ""personal sites"", ""Comodo Valkyrie Verdict"": ""media sharing""}","{""harmless"": 0, ""malicious"": 0}"
kajol.pw,1693501685,{},"{""harmless"": 0, ""malicious"": 0}"
whenregistered.com,1692366668,"{""BitDefender"": ""business"", ""Forcepoint ThreatSeeker"": ""information technology""}","{""harmless"": 0, ""malicious"": 0}"
discounterify.com,1695938471,{},"{""harmless"": 0, ""malicious"": 0}"
oishiramen.kr,,{},"{""harmless"": 0, ""malicious"": 0}"
health-ask.info,1668562659,"{""Forcepoint ThreatSeeker"": ""newly registered websites""}","{""harmless"": 0, ""malicious"": 0}"
cosmos-energie-sarl.com,1666051200,"{""Comodo Valkyrie Verdict"": ""media sharing""}","{""harmless"": 0, ""malicious"": 0}"
babylonexplore.com,1677506762,{},"{""harmless"": 0, ""malicious"": 0}"
cheriekerr.com,1674324374,"{""BitDefender"": ""business""}","{""harmless"": 0, ""malicious"": 0}"
theiidea.com,1697727849,{},"{""harmless"": 0, ""malicious"": 0}"
healthwelcome.info,1672272000,{},"{""harmless"": 0, ""malicious"": 0}"
เซซามินงาดํา.com,1664730686,"{""Comodo Valkyrie Verdict"": ""media sharing""}","{""harmless"": 0, ""malicious"": 0}"
takst-anlegg.no,,"{""Forcepoint ThreatSeeker"": ""real estate""}","{""harmless"": 0, ""malicious"": 0}"
랑블리펜션.com,1687791242,{},"{""harmless"": 0, ""malicious"": 0}"
betmania.ro,,"{""BitDefender"": ""news"", ""Forcepoint ThreatSeeker"": ""gambling"", ""sophos"": ""gambling"", ""Comodo Valkyrie Verdict"": ""media sharing""}","{""harmless"": 0, ""malicious"": 0}"
mora-tec.com,1617293416,{},"{""harmless"": 0, ""malicious"": 0}"
hellobine.com,1670544000,"{""Xcitium Verdict Cloud"": ""media sharing""}","{""harmless"": 0, ""malicious"": 0}"
maths-n-abacus.co.in,1662362916,"{""BitDefender"": ""blogs"", ""Forcepoint ThreatSeeker"": ""job search"", ""Xcitium Verdict Cloud"": ""media sharing""}","{""harmless"": 0, ""malicious"": 0}"
offertifier.com,1679292641,{},"{""harmless"": 0, ""malicious"": 0}"
loginbu.com,1659052800,{},"{""harmless"": 0, ""malicious"": 0}"
speeddating.tn,,"{""alphaMountain.ai"": ""Dating/Personals"", ""BitDefender"": ""onlinedating"", ""Xcitium Verdict Cloud"": ""blogs & wikis"", ""Forcepoint ThreatSeeker"": ""human interests""}","{""harmless"": 0, ""malicious"": 0}"
come-fare-tutto.it,,"{""Forcepoint ThreatSeeker"": ""reference materials"", ""Comodo Valkyrie Verdict"": ""media sharing""}","{""harmless"": 0, ""malicious"": 0}"
bamfordbody.co.uk,,"{""BitDefender"": ""business""}","{""harmless"": 0, ""malicious"": 0}"
lbsite.org,1687587747,"{""BitDefender"": ""computersandsoftware"", ""Xcitium Verdict Cloud"": ""media sharing"", ""Forcepoint ThreatSeeker"": ""blogs and personal sites""}","{""harmless"": 0, ""malicious"": 0}"
wikipediait.1eye.us,1677580707,"{""Forcepoint ThreatSeeker"": ""service and philanthropic organizations"", ""Webroot"": ""Phishing and Other Frauds""}","{""harmless"": 0, ""malicious"": 0}"
lereveilmatin.fr,,{},"{""harmless"": 0, ""malicious"": 0}"
klbirojs.lv,,{},"{""harmless"": 0, ""malicious"": 0}"
activationkeyspro.org,1706894770,"{""alphaMountain.ai"": ""Information Technology, Suspicious (alphaMountain.ai)"", ""BitDefender"": ""computersandsoftware"", ""Xcitium Verdict Cloud"": ""illegal software"", ""Forcepoint ThreatSeeker"": ""hacking""}","{""harmless"": 0, ""malicious"": 0}"
pcarg.org,1672644545,"{""Forcepoint ThreatSeeker"": ""social and affiliation organizations"", ""Xcitium Verdict Cloud"": ""entertainment""}","{""harmless"": 0, ""malicious"": 0}"
3d-tb.de,,"{""Comodo Valkyrie Verdict"": ""media sharing""}","{""harmless"": 0, ""malicious"": 0}"
동방주물.com,1701913507,"{""Xcitium Verdict Cloud"": ""unknown""}","{""harmless"": 0, ""malicious"": 0}"
motelestreladovale.com.br,,{},"{""harmless"": 0, ""malicious"": 0}"
occhronicle.com,1689948383,"{""Sophos"": ""spyware and malware"", ""alphaMountain.ai"": ""Malicious (alphaMountain.ai)"", ""Xcitium Verdict Cloud"": ""unknown"", ""Forcepoint ThreatSeeker"": ""news and media""}","{""harmless"": 0, ""malicious"": 0}"
g89.co.kr,,"{""alphaMountain.ai"": ""Shopping (alphaMountain.ai)""}","{""harmless"": 0, ""malicious"": 0}"
anaptixiaki.gr,,{},"{""harmless"": 0, ""malicious"": 0}"
bazaletilake.ge,,{},"{""harmless"": 0, ""malicious"": 0}"
wassergaertner.eu,,"{""BitDefender"": ""misc"", ""Xcitium Verdict Cloud"": ""pornography"", ""Forcepoint ThreatSeeker"": ""business and economy""}","{""harmless"": 0, ""malicious"": 0}"
centuryelastomers.com,1674803027,"{""Xcitium Verdict Cloud"": ""media sharing""}","{""harmless"": 0, ""malicious"": 0}"
teknoweek.com,1681689600,"{""Xcitium Verdict Cloud"": ""political issues"", ""Forcepoint ThreatSeeker"": ""shopping""}","{""harmless"": 0, ""malicious"": 0}"
sistemesez.com,1677658867,{},"{""harmless"": 0, ""malicious"": 0}"
packages.pw,1693500941,"{""Xcitium Verdict Cloud"": ""media sharing"", ""Forcepoint ThreatSeeker"": ""information technology""}","{""harmless"": 0, ""malicious"": 0}"
loginvast.com,1698913186,"{""BitDefender"": ""blogs"", ""Forcepoint ThreatSeeker"": ""reference materials"", ""Xcitium Verdict Cloud"": ""unknown""}","{""harmless"": 0, ""malicious"": 0}"
scvolleyballcamps.com,1678879947,"{""Sophos"": ""spyware and malware"", ""alphaMountain.ai"": ""Malicious, Sports, Suspicious (alphaMountain.ai)"", ""Xcitium Verdict Cloud"": ""media sharing"", ""Forcepoint ThreatSeeker"": ""sports""}","{""harmless"": 0, ""malicious"": 0}"
egaram.co.kr,,"{""alphaMountain.ai"": ""Business/Economy (alphaMountain.ai)""}","{""harmless"": 0, ""malicious"": 0}"
nawbotx.org,1691107200,"{""Forcepoint ThreatSeeker"": ""professional and worker organizations""}","{""harmless"": 0, ""malicious"": 0}"
accessurlink.com,1673654400,{},"{""harmless"": 0, ""malicious"": 0}"
handsinunison.org,1696173265,"{""Forcepoint ThreatSeeker"": ""service and philanthropic organizations"", ""Comodo Valkyrie Verdict"": ""media sharing""}","{""harmless"": 0, ""malicious"": 0}"
chronicles.com.tr,,"{""Xcitium Verdict Cloud"": ""media sharing"", ""Forcepoint ThreatSeeker"": ""human interests""}","{""harmless"": 0, ""malicious"": 0}"
link-up.org,1704758400,{},"{""harmless"": 0, ""malicious"": 0}"
webin.co.kr,,"{""alphaMountain.ai"": ""Business/Economy (alphaMountain.ai)""}","{""harmless"": 0, ""malicious"": 0}"
timbuktuedu.com,1683930092,"{""BitDefender"": ""business"", ""Xcitium Verdict Cloud"": ""media sharing"", ""Forcepoint ThreatSeeker"": ""widely-known religions""}","{""harmless"": 0, ""malicious"": 0}"
zh.101-help.com,1660404796,"{""Forcepoint ThreatSeeker"": ""information technology"", ""Comodo Valkyrie Verdict"": ""media sharing""}","{""harmless"": 0, ""malicious"": 0}"
fa.101-help.com,1660404796,{},"{""harmless"": 0, ""malicious"": 0}"
id.101-help.com,1660404796,{},"{""harmless"": 0, ""malicious"": 0}"
fi.101-help.com,1660404796,{},"{""harmless"": 0, ""malicious"": 0}"
pl.101-help.com,1660404796,"{""Xcitium Verdict Cloud"": ""media sharing"", ""Forcepoint ThreatSeeker"": ""information technology""}","{""harmless"": 0, ""malicious"": 0}"
ja.101-help.com,1660404796,"{""Forcepoint ThreatSeeker"": ""information technology"", ""BitDefender"": ""misc"", ""Xcitium Verdict Cloud"": ""media sharing""}","{""harmless"": 0, ""malicious"": 0}"
de.101-help.com,1660404796,"{""Xcitium Verdict Cloud"": ""media sharing"", ""Forcepoint ThreatSeeker"": ""information technology""}","{""harmless"": 0, ""malicious"": 0}"
ko.101-help.com,1660404796,"{""Forcepoint ThreatSeeker"": ""information technology"", ""BitDefender"": ""misc""}","{""harmless"": 0, ""malicious"": 0}"
ar.101-help.com,1660404796,"{""Forcepoint ThreatSeeker"": ""information technology""}","{""harmless"": 0, ""malicious"": 0}"
hr.101-help.com,1660404796,{},"{""harmless"": 0, ""malicious"": 0}"
fr.101-help.com,1660404796,"{""Forcepoint ThreatSeeker"": ""information technology"", ""Comodo Valkyrie Verdict"": ""media sharing""}","{""harmless"": 0, ""malicious"": 0}"
it.101-help.com,1660404796,{},"{""harmless"": 0, ""malicious"": 0}"
cs.101-help.com,1660404796,"{""Xcitium Verdict Cloud"": ""media sharing"", ""Forcepoint ThreatSeeker"": ""information technology""}","{""harmless"": 0, ""malicious"": 0}"
pt.101-help.com,1660404796,{},"{""harmless"": 0, ""malicious"": 0}"
tr.101-help.com,1660404796,"{""Forcepoint ThreatSeeker"": ""information technology"", ""Xcitium Verdict Cloud"": ""media sharing""}","{""harmless"": 0, ""malicious"": 0}"
th.101-help.com,1660404796,{},"{""harmless"": 0, ""malicious"": 0}"
vi.101-help.com,1660404796,{},"{""harmless"": 0, ""malicious"": 0}"
nl.101-help.com,1660404796,{},"{""harmless"": 0, ""malicious"": 0}"
es.101-help.com,1660404796,"{""Xcitium Verdict Cloud"": ""media sharing"", ""Forcepoint ThreatSeeker"": ""information technology""}","{""harmless"": 0, ""malicious"": 0}"
new.ishinkwang.org,1673161838,"{""Forcepoint ThreatSeeker"": ""widely-known religions"", ""Xcitium Verdict Cloud"": ""unknown""}","{""harmless"": 0, ""malicious"": 0}"
janhit.in,1687288178,"{""BitDefender"": ""misc"", ""Xcitium Verdict Cloud"": ""moderated forums"", ""Forcepoint ThreatSeeker"": ""financial data and services""}","{""harmless"": 0, ""malicious"": 0}"
bapzip.it,,"{""BitDefender"": ""business"", ""Forcepoint ThreatSeeker"": ""business and economy""}","{""harmless"": 0, ""malicious"": 0}"
adency.co,1658554908,{},"{""harmless"": 0, ""malicious"": 0}"
onemanarmy.in,1689793780,"{""BitDefender"": ""misc"", ""Xcitium Verdict Cloud"": ""moderated forums"", ""Forcepoint ThreatSeeker"": ""business and economy""}","{""harmless"": 0, ""malicious"": 0}"
newszetu.com,1692872818,"{""alphaMountain.ai"": ""News, Personal Sites/Blogs"", ""BitDefender"": ""blogs"", ""Xcitium Verdict Cloud"": ""media sharing"", ""Forcepoint ThreatSeeker"": ""news and media""}","{""harmless"": 0, ""malicious"": 0}"
businessnewsbuzz.com,1693154021,"{""Comodo Valkyrie Verdict"": ""media sharing""}","{""harmless"": 0, ""malicious"": 0}"
networkleather.com,1581120000,{},"{""harmless"": 0, ""malicious"": 0}"
dflultrarunning.com,1692316800,{},"{""harmless"": 0, ""malicious"": 0}"
loginkk.com,1659052800,"{""Xcitium Verdict Cloud"": ""media sharing""}","{""harmless"": 0, ""malicious"": 0}"
shinsokai.com,1681257600,"{""Forcepoint ThreatSeeker"": ""service and philanthropic organizations""}","{""harmless"": 0, ""malicious"": 0}"
allarticles.online,1697705086,"{""BitDefender"": ""misc"", ""alphaMountain.ai"": ""Suspicious (alphaMountain.ai)"", ""Forcepoint ThreatSeeker"": ""blogs and personal sites"", ""Xcitium Verdict Cloud"": ""unknown""}","{""harmless"": 0, ""malicious"": 0}"
nhanvietluanvan.com,1688307514,"{""Forcepoint ThreatSeeker"": ""blogs and personal sites""}","{""harmless"": 0, ""malicious"": 0}"
empoweredautomation.com,1681823257,"{""Webroot"": ""Business and Economy"", ""BitDefender"": ""business"", ""Forcepoint ThreatSeeker"": ""society and lifestyles""}","{""harmless"": 0, ""malicious"": 0}"
loginpu.com,1659052800,{},"{""harmless"": 0, ""malicious"": 0}"
backlink.solutions,1698929293,"{""Xcitium Verdict Cloud"": ""unknown"", ""Forcepoint ThreatSeeker"": ""information technology""}","{""harmless"": 0, ""malicious"": 0}"
kohndo.com,1659177638,"{""BitDefender"": ""parked"", ""Comodo Valkyrie Verdict"": ""media sharing""}","{""harmless"": 0, ""malicious"": 0}"
udowee.icu,1698684157,{},"{""harmless"": 0, ""malicious"": 0}"
maintermediary.com,1706145434,{},"{""harmless"": 0, ""malicious"": 0}"
backlinks.win,1696463120,"{""Forcepoint ThreatSeeker"": ""information technology""}","{""harmless"": 0, ""malicious"": 0}"
bottlebee.phasecommu.com,1693552501,"{""Forcepoint ThreatSeeker"": ""business and economy"", ""Xcitium Verdict Cloud"": ""unknown""}","{""harmless"": 0, ""malicious"": 0}"
yuzs.net,1665907740,"{""Forcepoint ThreatSeeker"": ""blogs and personal sites""}","{""harmless"": 0, ""malicious"": 0}"
rfsistemas.natal.br,,"{""alphaMountain.ai"": ""Phishing"", ""Forcepoint ThreatSeeker"": ""business and economy"", ""Xcitium Verdict Cloud"": ""media sharing""}","{""harmless"": 0, ""malicious"": 0}"
yeschange.org,1690699959,"{""Forcepoint ThreatSeeker"": ""news and media""}","{""harmless"": 0, ""malicious"": 0}"
old.snob-technologies.es,,"{""Xcitium Verdict Cloud"": ""media sharing""}","{""harmless"": 0, ""malicious"": 0}"
tracymbrunet.com,1685996184,"{""Forcepoint ThreatSeeker"": ""business and economy"", ""Xcitium Verdict Cloud"": ""media sharing""}","{""harmless"": 0, ""malicious"": 0}"
techfriend.in,1685965485,"{""BitDefender"": ""blogs"", ""Forcepoint ThreatSeeker"": ""information technology""}","{""harmless"": 0, ""malicious"": 0}"
femininehealthtips.net,1671494400,{},"{""harmless"": 0, ""malicious"": 0}"
biomicin.ro,,{},"{""harmless"": 0, ""malicious"": 0}"
nosa-co.ir,,"{""Forcepoint ThreatSeeker"": ""business and economy"", ""Xcitium Verdict Cloud"": ""media sharing""}","{""harmless"": 0, ""malicious"": 0}"
ageeksworld.com,1685802917,"{""BitDefender"": ""blogs"", ""Comodo Valkyrie Verdict"": ""media sharing""}","{""harmless"": 0, ""malicious"": 0}"
linkscrawl.com,1697558007,"{""Forcepoint ThreatSeeker"": ""information technology"", ""Xcitium Verdict Cloud"": ""unknown""}","{""harmless"": 0, ""malicious"": 0}"
mail.softhover.com,1640135544,{},"{""harmless"": 0, ""malicious"": 0}"
voltapc.sg,,"{""Xcitium Verdict Cloud"": ""unknown"", ""Forcepoint ThreatSeeker"": ""shopping""}","{""harmless"": 0, ""malicious"": 0}"
giuliocesare.edu.it,,"{""Xcitium Verdict Cloud"": ""media sharing"", ""Forcepoint ThreatSeeker"": ""educational institutions""}","{""harmless"": 0, ""malicious"": 0}"
artgrs.com,1658970426,"{""Xcitium Verdict Cloud"": ""media sharing""}","{""harmless"": 0, ""malicious"": 0}"
shubhangi.co.in,1682666019,{},"{""harmless"": 0, ""malicious"": 0}"
uprightmedia.co.kr,,{},"{""harmless"": 0, ""malicious"": 0}"
sushila.co.in,1704379186,"{""BitDefender"": ""business"", ""Xcitium Verdict Cloud"": ""moderated forums"", ""Forcepoint ThreatSeeker"": ""news and media""}","{""harmless"": 0, ""malicious"": 0}"
million.pro,1682656882,"{""Xcitium Verdict Cloud"": ""illegal software"", ""Forcepoint ThreatSeeker"": ""information technology""}","{""harmless"": 0, ""malicious"": 0}"
why.do,1694315767,"{""Sophos"": ""spyware and malware"", ""alphaMountain.ai"": ""Forums, Personal Sites/Blogs, Suspicious"", ""BitDefender"": ""onlinedating"", ""Forcepoint ThreatSeeker"": ""information technology""}","{""harmless"": 0, ""malicious"": 0}"
nooxybijoux.fr,,"{""Comodo Valkyrie Verdict"": ""media sharing""}","{""harmless"": 0, ""malicious"": 0}"
july.co.in,1682667722,"{""BitDefender"": ""misc"", ""Xcitium Verdict Cloud"": ""moderated forums"", ""Forcepoint ThreatSeeker"": ""real estate""}","{""harmless"": 0, ""malicious"": 0}"
lab-z.com,1702721236,"{""Comodo Valkyrie Verdict"": ""unknown"", ""Forcepoint ThreatSeeker"": ""information technology""}","{""harmless"": 0, ""malicious"": 0}"
loginba.com,1690598696,{},"{""harmless"": 0, ""malicious"": 0}"
sbainternacional.com.br,,"{""Forcepoint ThreatSeeker"": ""entertainment"", ""Comodo Valkyrie Verdict"": ""media sharing""}","{""harmless"": 0, ""malicious"": 0}"
kodeks.lexmart.com.ua,,{},"{""harmless"": 0, ""malicious"": 0}"
muchmore.in,1705003471,"{""BitDefender"": ""business"", ""Xcitium Verdict Cloud"": ""moderated forums"", ""Forcepoint ThreatSeeker"": ""human interests""}","{""harmless"": 0, ""malicious"": 0}"
smartvella.com,1700490342,"{""Xcitium Verdict Cloud"": ""media sharing"", ""Forcepoint ThreatSeeker"": ""information technology""}","{""harmless"": 0, ""malicious"": 0}"
interno.smbstore.com.br,,"{""BitDefender"": ""blogs"", ""Xcitium Verdict Cloud"": ""unknown"", ""Forcepoint ThreatSeeker"": ""information technology""}","{""harmless"": 0, ""malicious"": 0}"
sunanthacamila.org,1684004555,"{""Forcepoint ThreatSeeker"": ""service and philanthropic organizations""}","{""harmless"": 0, ""malicious"": 0}"
test.ecotemp.de,,{},"{""harmless"": 0, ""malicious"": 0}"
qanon.news,,"{""alphaMountain.ai"": ""Search Engines/Portals"", ""BitDefender"": ""misc"", ""Forcepoint ThreatSeeker"": ""sex""}","{""harmless"": 0, ""malicious"": 0}"
smartwebdirectory.com,1679443200,"{""Forcepoint ThreatSeeker"": ""information technology"", ""Xcitium Verdict Cloud"": ""unknown""}","{""harmless"": 0, ""malicious"": 0}"
dreamcircle.media,1661064499,"{""Forcepoint ThreatSeeker"": ""newly registered websites""}","{""harmless"": 0, ""malicious"": 0}"
elsefix.com,1692576000,"{""alphaMountain.ai"": ""Information Technology (alphaMountain.ai)""}","{""harmless"": 0, ""malicious"": 0}"
webypress.fr,,"{""BitDefender"": ""blogs"", ""Xcitium Verdict Cloud"": ""media sharing"", ""Forcepoint ThreatSeeker"": ""business and economy""}","{""harmless"": 0, ""malicious"": 0}"
milkywaygalaxynews.com,1699234550,"{""BitDefender"": ""society"", ""Forcepoint ThreatSeeker"": ""entertainment""}","{""harmless"": 0, ""malicious"": 0}"
dilerudachi.ru,,"{""BitDefender"": ""business"", ""Xcitium Verdict Cloud"": ""media sharing"", ""Forcepoint ThreatSeeker"": ""financial data and services""}","{""harmless"": 0, ""malicious"": 0}"
aspdaegu.org,1699446020,"{""Forcepoint ThreatSeeker"": ""educational institutions"", ""Xcitium Verdict Cloud"": ""unknown""}","{""harmless"": 0, ""malicious"": 0}"
aadarsh.in,1687288194,"{""BitDefender"": ""business"", ""Xcitium Verdict Cloud"": ""moderated forums"", ""Forcepoint ThreatSeeker"": ""educational institutions""}","{""harmless"": 0, ""malicious"": 0}"
leman-eastern.com,1646456508,{},"{""harmless"": 0, ""malicious"": 0}"
dofthings.com,1647970921,"{""Forcepoint ThreatSeeker"": ""information technology""}","{""harmless"": 0, ""malicious"": 0}"
anjana.co.in,1683104865,"{""Xcitium Verdict Cloud"": ""moderated forums"", ""Forcepoint ThreatSeeker"": ""business and economy""}","{""harmless"": 0, ""malicious"": 0}"
robsonsfarm.com,1663430468,"{""alphaMountain.ai"": ""Personal Sites/Blogs""}","{""harmless"": 0, ""malicious"": 0}"
trendingbot.org,1675641600,"{""BitDefender"": ""sports"", ""Xcitium Verdict Cloud"": ""media sharing"", ""Forcepoint ThreatSeeker"": ""sports""}","{""harmless"": 0, ""malicious"": 0}"
rayyeh.net,1688036254,"{""BitDefender"": ""business"", ""Forcepoint ThreatSeeker"": ""business and economy""}","{""harmless"": 0, ""malicious"": 0}"
loginra.com,1682559161,{},"{""harmless"": 0, ""malicious"": 0}"
a1pay06.com,1626048000,"{""Forcepoint ThreatSeeker"": ""hosted business applications"", ""Xcitium Verdict Cloud"": ""unknown""}","{""harmless"": 0, ""malicious"": 0}"
herb-tips.indiaclicks.co.in,1688890717,{},"{""harmless"": 0, ""malicious"": 0}"
forum.musicalpraxis.gr,,"{""Forcepoint ThreatSeeker"": ""educational institutions""}","{""harmless"": 0, ""malicious"": 0}"
laptophub.net,1668764665,"{""BitDefender"": ""im"", ""Xcitium Verdict Cloud"": ""media sharing"", ""alphaMountain.ai"": ""Information Technology"", ""Forcepoint ThreatSeeker"": ""information technology""}","{""harmless"": 0, ""malicious"": 0}"
loginya.com,1659052800,{},"{""harmless"": 0, ""malicious"": 0}"
haarlem.co.nz,,{},"{""harmless"": 0, ""malicious"": 0}"
bbefree.net,1698845108,"{""BitDefender"": ""business"", ""Forcepoint ThreatSeeker"": ""educational institutions"", ""Comodo Valkyrie Verdict"": ""media sharing""}","{""harmless"": 0, ""malicious"": 0}"
comodentists.com,1683052886,"{""alphaMountain.ai"": ""Health, Malicious (alphaMountain.ai)""}","{""harmless"": 0, ""malicious"": 0}"
ncbcimpact.org,1701388800,{},"{""harmless"": 0, ""malicious"": 0}"
istitutovirgilioeboli.edu.it,,"{""Forcepoint ThreatSeeker"": ""educational institutions""}","{""harmless"": 0, ""malicious"": 0}"
illumin8.ca,1693497448,"{""BitDefender"": ""parked""}","{""harmless"": 0, ""malicious"": 0}"
shinyangm.com,1702857600,"{""Forcepoint ThreatSeeker"": ""business and economy"", ""Xcitium Verdict Cloud"": ""unknown""}","{""harmless"": 0, ""malicious"": 0}"
buzyrun.com,1679271013,"{""Xcitium Verdict Cloud"": ""unknown"", ""Forcepoint ThreatSeeker"": ""newly registered websites""}","{""harmless"": 0, ""malicious"": 0}"
bonusgate.org,1688256000,"{""Xcitium Verdict Cloud"": ""unknown""}","{""harmless"": 0, ""malicious"": 0}"
mulherbrazil.com,1692021981,{},"{""harmless"": 0, ""malicious"": 0}"
jinjusangdan.co.kr,,"{""Comodo Valkyrie Verdict"": ""media sharing""}","{""harmless"": 0, ""malicious"": 0}"
loginma.com,1682559161,{},"{""harmless"": 0, ""malicious"": 0}"
sabns.com,1695126935,"{""Xcitium Verdict Cloud"": ""media sharing""}","{""harmless"": 0, ""malicious"": 0}"
remarketing.ro,,"{""Comodo Valkyrie Verdict"": ""media sharing""}","{""harmless"": 0, ""malicious"": 0}"
golfthings.co.kr,,"{""Xcitium Verdict Cloud"": ""media sharing""}","{""harmless"": 0, ""malicious"": 0}"
livewebsites.net,1702683125,"{""Forcepoint ThreatSeeker"": ""information technology"", ""Xcitium Verdict Cloud"": ""unknown""}","{""harmless"": 0, ""malicious"": 0}"
income.net.in,1682667598,"{""BitDefender"": ""misc"", ""Xcitium Verdict Cloud"": ""online services"", ""Forcepoint ThreatSeeker"": ""financial data and services""}","{""harmless"": 0, ""malicious"": 0}"
icmms.co.kr,,"{""Forcepoint ThreatSeeker"": ""shopping"", ""Xcitium Verdict Cloud"": ""unknown""}","{""harmless"": 0, ""malicious"": 0}"
ansump.info,1705436733,"{""Xcitium Verdict Cloud"": ""media sharing""}","{""harmless"": 0, ""malicious"": 0}"
gift-by-gifted.com,1690779181,"{""Forcepoint ThreatSeeker"": ""shopping"", ""Xcitium Verdict Cloud"": ""unknown""}","{""harmless"": 0, ""malicious"": 0}"
nikkikatz.com,1683039245,"{""alphaMountain.ai"": ""Arts/Culture""}","{""harmless"": 0, ""malicious"": 0}"
paakfuneral.com,1691689269,"{""BitDefender"": ""business"", ""Xcitium Verdict Cloud"": ""public information"", ""Forcepoint ThreatSeeker"": ""health""}","{""harmless"": 0, ""malicious"": 0}"
shoppy.co.kr,,"{""Forcepoint ThreatSeeker"": ""news and media"", ""Xcitium Verdict Cloud"": ""social networking""}","{""harmless"": 0, ""malicious"": 0}"
blarrow.tech,1693500650,"{""BitDefender"": ""computersandsoftware"", ""Forcepoint ThreatSeeker"": ""educational institutions""}","{""harmless"": 0, ""malicious"": 0}"
b4gamez.com,1665737444,"{""Forcepoint ThreatSeeker"": ""newly registered websites""}","{""harmless"": 0, ""malicious"": 0}"
loginhu.com,,{},"{""harmless"": 0, ""malicious"": 0}"
damyangjeon.co.kr,,"{""Forcepoint ThreatSeeker"": ""web infrastructure"", ""Xcitium Verdict Cloud"": ""media sharing""}","{""harmless"": 0, ""malicious"": 0}"
region.co.in,1682667539,"{""BitDefender"": ""business"", ""Xcitium Verdict Cloud"": ""health & medicine"", ""Forcepoint ThreatSeeker"": ""news and media""}","{""harmless"": 0, ""malicious"": 0}"
vocaverse.network,,"{""BitDefender"": ""im"", ""Forcepoint ThreatSeeker"": ""message boards and forums"", ""Comodo Valkyrie Verdict"": ""media sharing""}","{""harmless"": 0, ""malicious"": 0}"
spectshop.com,1675934021,"{""alphaMountain.ai"": ""Malicious (alphaMountain.ai)""}","{""harmless"": 0, ""malicious"": 0}"
saudialarabiyanews.com,1688924288,{},"{""harmless"": 0, ""malicious"": 0}"
timesofomannews.com,1690554481,"{""Forcepoint ThreatSeeker"": ""news and media"", ""Xcitium Verdict Cloud"": ""media sharing""}","{""harmless"": 0, ""malicious"": 0}"
kcpdispatchers.com,1664866289,"{""Forcepoint ThreatSeeker"": ""business and economy""}","{""harmless"": 0, ""malicious"": 0}"
timeskuwaitnews.com,1688925309,"{""Comodo Valkyrie Verdict"": ""media sharing""}","{""harmless"": 0, ""malicious"": 0}"
qiantu.org,1685174402,"{""alphaMountain.ai"": ""Personal Sites/Blogs""}","{""harmless"": 0, ""malicious"": 0}"
loginurlink.com,1673568000,{},"{""harmless"": 0, ""malicious"": 0}"
ilparmigiano.com,1670861575,"{""Comodo Valkyrie Verdict"": ""media sharing""}","{""harmless"": 0, ""malicious"": 0}"
shibuya-ken.com,1685380099,"{""Forcepoint ThreatSeeker"": ""business and economy"", ""Xcitium Verdict Cloud"": ""media sharing""}","{""harmless"": 0, ""malicious"": 0}"
sharpcommerce.com,1673641161,"{""Comodo Valkyrie Verdict"": ""media sharing"", ""Forcepoint ThreatSeeker"": ""information technology""}","{""harmless"": 0, ""malicious"": 0}"
lowcostseo.co,1683270483,"{""alphaMountain.ai"": ""Business/Economy, Information Technology"", ""BitDefender"": ""computersandsoftware"", ""Forcepoint ThreatSeeker"": ""information technology""}","{""harmless"": 0, ""malicious"": 0}"
saint-ouen-thouberville.fr,,"{""BitDefender"": ""government"", ""Xcitium Verdict Cloud"": ""moderated forums"", ""Forcepoint ThreatSeeker"": ""government""}","{""harmless"": 0, ""malicious"": 0}"
qatardohanews.com,1689214656,"{""Forcepoint ThreatSeeker"": ""newly registered websites""}","{""harmless"": 0, ""malicious"": 0}"
alling-bet3.com,1690675200,"{""Forcepoint ThreatSeeker"": ""gambling""}","{""harmless"": 0, ""malicious"": 0}"
newsite.atticstudio.co.uk,,"{""BitDefender"": ""business"", ""Forcepoint ThreatSeeker"": ""human interests"", ""Xcitium Verdict Cloud"": ""hobbies & recreation""}","{""harmless"": 0, ""malicious"": 0}"
australianweddingforum.com,1703757481,"{""BitDefender"": ""misc"", ""Xcitium Verdict Cloud"": ""media sharing"", ""Forcepoint ThreatSeeker"": ""business and economy""}","{""harmless"": 0, ""malicious"": 0}"
loginpn.com,1659139200,{},"{""harmless"": 0, ""malicious"": 0}"
hcvilnius.lt,,{},"{""harmless"": 0, ""malicious"": 0}"
tora-forum.co.il,,"{""Forcepoint ThreatSeeker"": ""message boards and forums""}","{""harmless"": 0, ""malicious"": 0}"
newtech21.com,1678060800,{},"{""harmless"": 0, ""malicious"": 0}"
backlink.business,1631923200,"{""Xcitium Verdict Cloud"": ""unknown""}","{""harmless"": 0, ""malicious"": 0}"
balianvillas.com,1663492027,"{""Forcepoint ThreatSeeker"": ""web infrastructure"", ""Xcitium Verdict Cloud"": ""media sharing""}","{""harmless"": 0, ""malicious"": 0}"
mentorevent.com,1674655487,"{""BitDefender"": ""parked"", ""Forcepoint ThreatSeeker"": ""real estate""}","{""harmless"": 0, ""malicious"": 0}"
saptjanm.com,1596465783,{},"{""harmless"": 0, ""malicious"": 0}"
unigal.mx,,"{""BitDefender"": ""misc"", ""Xcitium Verdict Cloud"": ""media sharing"", ""Forcepoint ThreatSeeker"": ""educational institutions""}","{""harmless"": 0, ""malicious"": 0}"
uaekhaleejtimes.com,1690554432,"{""BitDefender"": ""misc"", ""Xcitium Verdict Cloud"": ""media sharing"", ""Forcepoint ThreatSeeker"": ""business and economy""}","{""harmless"": 0, ""malicious"": 0}"
thebigfreezefestival.com.au,,"{""BitDefender"": ""business"", ""Xcitium Verdict Cloud"": ""media sharing"", ""Forcepoint ThreatSeeker"": ""entertainment""}","{""harmless"": 0, ""malicious"": 0}"
cyberspecial.net,1681279695,"{""BitDefender"": ""computersandsoftware"", ""Xcitium Verdict Cloud"": ""unknown"", ""Forcepoint ThreatSeeker"": ""information technology""}","{""harmless"": 0, ""malicious"": 0}"
proseolinksdirectory.com,,"{""BitDefender"": ""misc"", ""Xcitium Verdict Cloud"": ""media sharing"", ""Forcepoint ThreatSeeker"": ""business and economy""}","{""harmless"": 0, ""malicious"": 0}"
dev.maasck.com,1671530501,{},"{""harmless"": 0, ""malicious"": 0}"
f5.pm,,"{""alphaMountain.ai"": ""Information Technology""}","{""harmless"": 0, ""malicious"": 0}"
noyser.wiki,1706906661,{},"{""harmless"": 0, ""malicious"": 0}"
beta.majamja.com,1675091134,{},"{""harmless"": 0, ""malicious"": 0}"
ind.inxin.kr,,{},"{""harmless"": 0, ""malicious"": 0}"
ultimatestealth.com,1682839559,"{""BitDefender"": ""computersandsoftware"", ""Forcepoint ThreatSeeker"": ""information technology"", ""Xcitium Verdict Cloud"": ""media sharing""}","{""harmless"": 0, ""malicious"": 0}"
chewathai27.com,1705129200,"{""BitDefender"": ""society"", ""Xcitium Verdict Cloud"": ""unknown"", ""Forcepoint ThreatSeeker"": ""real estate""}","{""harmless"": 0, ""malicious"": 0}"
developmentmi.online,1697705086,"{""alphaMountain.ai"": ""Suspicious"", ""Xcitium Verdict Cloud"": ""unknown""}","{""harmless"": 0, ""malicious"": 0}"
serpburp.com,1686528000,"{""Xcitium Verdict Cloud"": ""media sharing"", ""Forcepoint ThreatSeeker"": ""newly registered websites""}","{""harmless"": 0, ""malicious"": 0}"
